2026-02-02T17:18:50.424251+00:00,vae,cuda:0,1024,1024,,2,168092750,160.306,2552365568,2434.125,3019898880,2880.000,149815296,142.875
2026-02-02T17:18:50.424251+00:00,transformer,None,1024,1024,,50,64446562304,61461.031,1642232832,1566.155,2271215616,2166.000,62914560,60.000
2026-02-02T17:41:33.734992+00:00,vae,cuda:0,1024,1024,,1,168092750,160.306,2553414144,2435.125,2959081472,2822.000,164757504,157.125
2026-02-02T17:41:33.734992+00:00,transformer,None,1024,1024,,50,64446562304,61461.031,1642232832,1566.155,2038431744,1944.000,64094208,61.125
2026-02-02T17:48:15.341390+00:00,vae,cuda:0,1024,1024,,1,168092750,160.306,2553414144,2435.125,2959081472,2822.000,138805248,132.375
2026-02-02T17:48:15.341390+00:00,transformer,None,1024,1024,,50,64446562304,61461.031,1642232832,1566.155,2038431744,1944.000,64487424,61.500
2026-02-02T17:54:42.620410+00:00,vae,cuda:0,1024,1024,,1,168092750,160.306,2553414144,2435.125,3001024512,2862.000,138018816,131.625
2026-02-02T17:54:42.620410+00:00,transformer,None,1024,1024,,50,64446562304,61461.031,1642232832,1566.155,2185232384,2084.000,64094208,61.125
2026-02-03T02:40:43.260354+00:00,vae,cuda:0,1024,1024,,1,168092750,160.306,2553414144,2435.125,2956984320,2820.000,138412032,132.000
2026-02-03T02:40:43.260354+00:00,transformer,None,1024,1024,,50,32377438604,30877.532,2168933376,2068.456,2390753280,2280.000,59375616,56.625
2026-02-03T07:38:24.736692+00:00,vae,cuda:0,1024,1024,,1,168092750,160.306,2553414144,2435.125,2959081472,2822.000,139198464,132.750
2026-02-03T07:38:24.736692+00:00,transformer,None,1024,1024,,50,32377438604,30877.532,2168933376,2068.456,3066036224,2924.000,58589184,55.875
2026-02-03T08:00:47.411904+00:00,vae,cuda:0,1024,1024,,1,168092750,160.306,2553414144,2435.125,2959081472,2822.000,138805248,132.375
2026-02-03T08:00:47.411904+00:00,transformer,None,1024,1024,,50,34381758464,32789.000,2168933376,2068.456,3084910592,2942.000,75497472,72.000
2026-02-03T08:05:38.438392+00:00,vae,cuda:0,1024,1024,,1,168092750,160.306,2553414144,2435.125,3021996032,2882.000,137625600,131.250
2026-02-03T08:05:38.438392+00:00,transformer,None,1024,1024,,50,64446562304,61461.031,1642232832,1566.155,2166358016,2066.000,63700992,60.750
2026-02-03T08:27:01.280786+00:00,vae,cuda:0,1024,1024,,1,168092750,160.306,2553414144,2435.125,2938109952,2802.000,138412032,132.000
2026-02-03T08:27:01.280786+00:00,transformer,None,1024,1024,,50,26616872960,25383.828,2338802688,2230.456,2875195392,2742.000,75497472,72.000
2026-02-03T08:29:11.684480+00:00,vae,cuda:0,1024,1024,,1,168092750,160.306,2553414144,2435.125,3001024512,2862.000,138412032,132.000
2026-02-03T08:29:11.684480+00:00,transformer,None,1024,1024,,50,18349457408,17499.406,2348239872,2239.456,2833252352,2702.000,75890688,72.375
2026-02-03T08:32:01.304849+00:00,vae,cuda:0,1024,1024,,1,168092750,160.306,2553414144,2435.125,2938109952,2802.000,138805248,132.375
2026-02-03T08:32:01.304849+00:00,transformer,None,1024,1024,,50,18349457408,17499.406,2348239872,2239.456,2833252352,2702.000,60555264,57.750
